customer_id,segment
2001,0
2002,2
2003,2
2004,0
2005,2
2006,0
2007,0
2008,2
2009,1
2010,1
2011,2
2012,2
2013,2
2014,2
2015,2
2016,1
2017,2
2018,1
2019,2
2020,0
2021,0
2022,1
2023,2
2024,2
2025,0
2026,2
2027,2
2028,1
2029,0
2030,1
2031,0
2032,0
2033,0
2034,1
2035,0
2036,2
2037,2
2038,0
2039,2
2040,0
2041,2
2042,0
2043,0
2044,2
2045,0
2046,0
2047,1
2048,0
2049,2
2050,0
2051,0
2052,2
2053,1
2054,0
2055,0
2056,0
2057,0
2058,2
2059,0
2060,2
2061,0
2062,0
2063,0
2064,1
2065,2
2066,0
2067,0
2068,0
2069,2
2070,0
2071,2
2072,0
2073,0
2074,2
2075,2
2076,2
2077,1
2078,2
2079,2
2080,2
2081,2
2082,2
2083,0
2084,2
2085,2
2086,0
2087,2
2088,1
2089,2
2090,0
2091,0
2092,0
2093,1
2094,2
2095,0
2096,2
2097,1
2098,2
2099,1
2100,0
2101,0
2102,0
2103,0
2104,1
2105,2
2106,2
2107,2
2108,2
2109,0
2110,0
2111,0
2112,2
2113,2
2114,2
2115,2
2116,0
2117,1
2118,2
2119,2
2120,2
2121,2
2122,2
2123,0
2124,2
2125,0
2126,0
2127,0
2128,0
2129,2
2130,0
2131,0
2132,2
2133,1
2134,2
2135,0
2136,0
2137,0
2138,2
2139,2
2140,2
2141,0
2142,0
2143,2
2144,0
2145,0
2146,0
2147,2
2148,0
2149,2
2150,2
2151,0
2152,0
2153,0
2154,2
2155,0
2156,1
2157,0
2158,0
2159,2
2160,0
2161,2
2162,1
2163,1
2164,2
2165,0
2166,1
2167,0
2168,2
2169,0
2170,2
2171,0
2172,0
2173,2
2174,0
2175,0
2176,0
2177,0
2178,1
2179,0
2180,2
2181,2
2182,1
2183,0
2184,1
2185,0
2186,1
2187,0
2188,2
2189,0
2190,2
2191,0
2192,2
2193,1
2194,0
2195,0
2196,2
2197,2
2198,0
2199,1
2200,2
2201,0
2202,2
2203,0
2204,0
2205,0
2206,0
2207,2
2208,0
2209,2
2210,0
2211,0
2212,2
2213,1
2214,2
2215,0
2216,2
2217,2
2218,0
2219,1
2220,0
2221,2
2222,0
2223,0
2224,0
2225,1
2226,1
2227,0
2228,0
2229,2
2230,0
2231,2
2232,1
2233,0
2234,0
2235,2
2236,0
2237,0
2238,2
2239,2
2240,2
2241,2
2242,2
2243,1
2244,2
2245,0
2246,1
2247,2
2248,0
2249,1
2250,2
2251,2
2252,0
2253,0
2254,2
2255,0
2256,2
2257,0
2258,2
2259,0
2260,2
2261,1
2262,2
2263,2
2264,1
2265,0
2266,0
2267,0
2268,0
2269,0
2270,2
2271,0
2272,1
2273,2
2274,0
2275,0
2276,2
2277,2
2278,2
2279,0
2280,2
2281,2
2282,2
2283,0
2284,0
2285,2
2286,2
2287,2
2288,1
2289,0
2290,0
2291,0
2292,0
2293,2
2294,1
2295,0
2296,2
2297,2
2298,2
2299,2
2300,2
2301,2
2302,2
2303,2
2304,0
2305,0
2306,0
2307,0
2308,0
2309,0
2310,0
2311,1
2312,0
2313,1
2314,2
2315,0
2316,2
2317,0
2318,2
2319,2
2320,1
2321,2
2322,2
2323,0
2324,0
2325,2
2326,0
2327,1
2328,1
2329,2
2330,1
2331,2
2332,0
2333,0
2334,0
2335,2
2336,0
2337,0
2338,1
2339,0
2340,2
2341,0
2342,1
2343,1
2344,1
2345,2
2346,0
2347,1
2348,0
2349,0
2350,2
2351,2
2352,2
2353,2
2354,0
2355,2
2356,0
2357,1
2358,0
2359,1
2360,2
2361,0
2362,0
2363,2
2364,1
2365,1
2366,0
2367,2
2368,0
2369,1
2370,2
2371,2
2372,0
2373,1
2374,0
2375,2
2376,0
2377,2
2378,2
2379,1
2380,0
2381,2
2382,0
2383,1
2384,0
2385,0
2386,2
2387,0
2388,0
2389,0
2390,0
2391,1
2392,1
2393,0
2394,2
2395,2
2396,0
2397,2
2398,0
2399,0
2400,2
2401,2
2402,0
2403,0
2404,0
2405,2
2406,2
2407,2
2408,0
2409,2
2410,0
2411,0
2412,2
2413,1
2414,0
2415,0
2416,0
2417,0
2418,2
2419,2
2420,2
2421,1
2422,0
2423,0
2424,1
2425,0
2426,2
2427,1
2428,1
2429,2
2430,2
2431,0
2432,0
2433,2
2434,0
2435,0
2436,2
2437,2
2438,2
2439,2
2440,2
2441,0
2442,2
2443,0
2444,0
2445,2
2446,1
2447,2
2448,2
2449,0
2450,0
2451,2
2452,2
2453,0
2454,0
2455,0
2456,2
2457,0
2458,2
2459,0
2460,2
2461,0
2462,2
2463,2
2464,2
2465,1
2466,2
2467,0
2468,0
2469,1
2470,0
2471,0
2472,0
2473,1
2474,0
2475,1
2476,0
2477,2
2478,2
2479,0
2480,2
2481,0
2482,2
2483,2
2484,2
2485,0
2486,1
2487,0
2488,2
2489,0
2490,0
2491,2
2492,2
2493,2
2494,2
2495,2
2496,1
2497,1
2498,0
2499,0
2500,0
2501,0
2502,2
2503,0
2504,2
2505,2
2506,0
2507,0
2508,0
2509,0
2510,2
2511,2
2512,2
2513,2
2514,2
2515,1
2516,2
2517,2
2518,0
2519,0
2520,0
2521,2
2522,0
2523,2
2524,2
2525,0
2526,2
2527,2
2528,2
2529,2
2530,0
2531,1
2532,2
2533,1
2534,1
2535,0
2536,1
2537,2
2538,2
2539,0
2540,2
2541,2
2542,2
2543,2
2544,0
2545,0
2546,1
2547,2
2548,2
2549,2
2550,2
2551,2
2552,2
2553,2
2554,1
2555,2
2556,0
2557,0
2558,2
2559,2
2560,0
2561,1
2562,2
2563,0
2564,0
2565,1
2566,0
2567,0
2568,0
2569,2
2570,0
2571,2
2572,2
2573,0
2574,2
2575,2
2576,2
2577,0
2578,2
2579,2
2580,1
2581,1
2582,2
2583,2
2584,1
2585,0
2586,0
2587,2
2588,2
2589,2
2590,2
2591,0
2592,2
2593,2
2594,1
2595,2
2596,1
2597,0
2598,0
2599,0
2600,2
2601,1
2602,1
2603,0
2604,0
2605,2
2606,2
2607,0
2608,0
2609,1
2610,0
2611,1
2612,2
2613,2
2614,2
2615,1
2616,0
2617,0
2618,0
2619,1
2620,0
2621,2
2622,2
2623,2
2624,1
2625,1
2626,2
2627,2
2628,2
2629,1
2630,1
2631,1
2632,2
2633,2
2634,1
2635,0
2636,2
2637,2
2638,0
2639,1
2640,2
2641,0
2642,1
2643,2
2644,2
2645,2
2646,2
2647,0
2648,0
2649,0
2650,2
2651,2
2652,0
2653,2
2654,0
2655,2
2656,2
2657,1
2658,1
2659,0
2660,0
2661,2
2662,0
2663,0
2664,2
2665,0
2666,2
2667,0
2668,0
2669,0
2670,0
2671,0
2672,0
2673,2
2674,2
2675,1
2676,2
2677,1
2678,0
2679,2
2680,0
2681,0
2682,1
2683,2
2684,1
2685,2
2686,0
2687,0
2688,2
2689,0
2690,2
2691,0
2692,2
2693,1
2694,2
2695,2
2696,2
2697,0
2698,2
2699,2
2700,2
2701,0
2702,2
2703,2
2704,2
2705,1
2706,1
2707,2
2708,1
2709,2
2710,1
2711,0
2712,1
2713,0
2714,1
2715,0
2716,2
2717,1
2718,0
2719,2
2720,2
2721,2
2722,0
2723,0
2724,2
2725,2
2726,0
2727,0
2728,1
2729,1
2730,0
2731,0
2732,0
2733,2
2734,2
2735,1
2736,2
2737,0
2738,2
2739,0
2740,2
2741,1
2742,2
2743,0
2744,0
2745,0
2746,0
2747,2
2748,1
2749,2
2750,2
2751,0
2752,2
2753,2
2754,2
2755,2
2756,0
2757,1
2758,0
2759,1
2760,2
2761,0
2762,0
2763,0
2764,2
2765,0
2766,0
2767,2
2768,2
2769,2
2770,2
2771,2
2772,1
2773,1
2774,0
2775,2
2776,2
2777,0
2778,2
2779,0
2780,0
2781,2
2782,0
2783,1
2784,0
2785,1
2786,2
2787,2
2788,0
2789,0
2790,0
2791,2
2792,1
2793,1
2794,0
2795,0
2796,2
2797,2
2798,0
2799,2
2800,2
2801,2
2802,1
2803,2
2804,2
2805,0
2806,1
2807,0
2808,2
2809,0
2810,2
2811,2
2812,0
2813,0
2814,0
2815,1
2816,0
2817,2
2818,2
2819,0
2820,0
2821,0
2822,2
2823,2
2824,2
2825,2
2826,2
2827,0
2828,1
2829,0
2830,0
2831,2
2832,0
2833,2
2834,2
2835,1
2836,2
2837,2
2838,0
2839,0
2840,2
2841,0
2842,1
2843,0
2844,2
2845,2
2846,0
2847,2
2848,0
2849,2
2850,2
2851,2
2852,0
2853,2
2854,1
2855,0
2856,2
2857,0
2858,2
2859,0
2860,2
2861,0
2862,2
2863,1
2864,0
2865,0
2866,1
2867,2
2868,0
2869,2
2870,1
2871,1
2872,0
2873,2
2874,0
2875,1
2876,0
2877,0
2878,0
2879,2
2880,2
2881,0
2882,1
2883,0
2884,2
2885,2
2886,0
2887,2
2888,2
2889,0
2890,2
2891,0
2892,0
2893,1
2894,1
2895,0
2896,0
2897,2
2898,2
2899,0
2900,2
2901,0
2902,2
2903,2
2904,2
2905,0
2906,0
2907,2
2908,2
2909,2
2910,0
2911,0
2912,1
2913,0
2914,2
2915,0
2916,2
2917,2
2918,0
2919,2
2920,1
2921,0
2922,1
2923,0
2924,2
2925,0
2926,2
2927,2
2928,2
2929,1
2930,0
2931,2
2932,0
2933,2
2934,2
2935,0
2936,0
2937,0
2938,2
2939,0
2940,2
2941,0
2942,2
2943,2
2944,0
2945,0
2946,0
2947,2
2948,0
2949,0
2950,2
2951,0
2952,1
2953,1
2954,2
2955,2
2956,0
2957,1
2958,2
2959,0
2960,2
2961,2
2962,2
2963,0
2964,2
2965,2
2966,0
2967,0
2968,0
2969,2
2970,0
2971,1
2972,0
2973,2
2974,0
2975,0
2976,2
2977,0
2978,0
2979,2
2980,2
2981,0
2982,2
2983,1
2984,2
2985,1
2986,1
2987,1
2988,0
2989,2
2990,1
2991,0
2992,2
2993,2
2994,2
2995,0
2996,0
2997,2
2998,0
2999,2
3000,1
3001,2
3002,0
3003,1
3004,2
3005,0
3006,2
3007,2
3008,0
3009,2
3010,0
3011,2
3012,2
3013,2
3014,0
3015,0
3016,2
3017,1
3018,0
3019,1
3020,1
3021,2
3022,2
3023,0
3024,2
3025,2
3026,0
3027,0
3028,0
3029,2
3030,2
3031,1
3032,1
3033,2
3034,0
3035,1
3036,2
3037,2
3038,0
3039,0
3040,0
3041,0
3042,2
3043,2
3044,0
3045,0
3046,0
3047,1
3048,2
3049,1
3050,1
3051,0
3052,0
3053,2
3054,0
3055,2
3056,2
3057,0
3058,1
3059,0
3060,2
3061,1
3062,2
3063,2
3064,2
3065,1
3066,0
3067,0
3068,2
3069,1
3070,0
3071,2
3072,2
3073,0
3074,2
3075,1
3076,0
3077,0
3078,2
3079,2
3080,2
3081,2
3082,1
3083,0
3084,0
3085,0
3086,0
3087,2
3088,2
3089,0
3090,0
3091,2
3092,0
3093,2
3094,0
3095,0
3096,0
3097,2
3098,0
3099,0
3100,2
3101,0
3102,0
3103,0
3104,0
3105,2
3106,1
3107,0
3108,0
3109,0
3110,0
3111,2
3112,0
3113,0
3114,2
3115,1
3116,1
3117,2
3118,2
3119,0
3120,0
3121,2
3122,0
3123,0
3124,0
3125,2
3126,0
3127,2
3128,2
3129,2
3130,0
3131,2
3132,0
3133,2
3134,2
3135,1
3136,2
3137,0
3138,0
3139,2
3140,2
3141,2
3142,2
3143,0
3144,2
3145,0
3146,2
3147,2
3148,0
3149,2
3150,0
3151,2
3152,1
3153,1
3154,2
3155,0
3156,2
3157,0
3158,0
3159,2
3160,2
3161,0
3162,2
3163,2
3164,0
3165,2
3166,2
3167,0
3168,0
3169,2
3170,0
3171,2
3172,2
3173,0
3174,2
3175,2
3176,0
3177,0
3178,2
3179,2
3180,2
3181,0
3182,0
3183,2
3184,1
3185,0
3186,2
3187,2
3188,0
3189,0
3190,0
3191,2
3192,0
3193,0
3194,0
3195,0
3196,0
3197,2
3198,0
3199,2
3200,0
3201,0
3202,2
3203,2
3204,2
3205,0
3206,0
3207,2
3208,0
3209,2
3210,1
3211,2
3212,0
3213,0
3214,0
3215,0
3216,0
3217,0
3218,2
3219,0
3220,0
3221,2
3222,2
3223,2
3224,0
3225,0
3226,2
3227,2
3228,2
3229,2
3230,0
3231,0
3232,2
3233,1
3234,0
3235,2
3236,0
3237,0
3238,0
3239,2
3240,2
3241,2
3242,1
3243,2
3244,2
3245,1
3246,1
3247,1
3248,1
3249,0
3250,0
3251,0
3252,1
3253,0
3254,0
3255,0
3256,1
3257,0
3258,0
3259,0
3260,2
3261,2
3262,0
3263,2
3264,2
3265,0
3266,0
3267,0
3268,0
3269,2
3270,0
3271,0
3272,2
3273,2
3274,1
3275,0
3276,2
3277,0
3278,0
3279,1
3280,2
3281,0
3282,1
3283,2
3284,0
3285,0
3286,0
3287,1
3288,2
3289,2
3290,0
3291,0
3292,0
3293,0
3294,0
3295,2
3296,1
3297,0
3298,0
3299,0
3300,2
3301,1
3302,2
3303,2
3304,0
3305,0
3306,2
3307,0
3308,2
3309,0
3310,1
3311,2
3312,0
3313,0
3314,0
3315,0
3316,0
3317,1
3318,2
3319,1
3320,2
3321,0
3322,2
3323,0
3324,1
3325,2
3326,2
3327,2
3328,1
3329,2
3330,2
3331,1
3332,0
3333,2
3334,0
3335,0
3336,2
3337,2
3338,0
3339,1
3340,0
3341,2
3342,2
3343,2
3344,1
3345,0
3346,2
3347,2
3348,2
3349,2
3350,0
3351,2
3352,1
3353,1
3354,0
3355,2
3356,0
3357,2
3358,0
3359,0
3360,2
3361,2
3362,2
3363,0
3364,0
3365,0
3366,2
3367,2
3368,2
3369,1
3370,1
3371,2
3372,1
3373,1
3374,2
3375,2
3376,1
3377,2
3378,0
3379,0
3380,2
3381,0
3382,2
3383,1
3384,0
3385,2
3386,0
3387,2
3388,0
3389,0
3390,2
3391,2
3392,2
3393,0
3394,0
3395,2
3396,0
3397,2
3398,2
3399,1
3400,0
3401,2
3402,0
3403,2
3404,1
3405,0
3406,2
3407,0
3408,2
3409,2
3410,0
3411,1
3412,0
3413,1
3414,2
3415,2
3416,2
3417,2
3418,0
3419,0
3420,2
3421,0
3422,0
3423,2
3424,1
3425,2
3426,1
3427,0
3428,0
3429,0
3430,0
3431,2
3432,0
3433,0
3434,2
3435,0
3436,1
3437,2
3438,1
3439,1
3440,1
3441,2
3442,0
3443,2
3444,1
3445,0
3446,1
3447,2
3448,1
3449,2
3450,2
3451,0
3452,0
3453,0
3454,0
3455,1
3456,2
3457,2
3458,0
3459,2
3460,2
3461,0
3462,0
3463,0
3464,2
3465,0
3466,1
3467,2
3468,2
3469,0
3470,0
3471,2
3472,2
3473,1
3474,2
3475,0
3476,0
3477,0
3478,2
3479,0
3480,0
3481,2
3482,2
3483,0
3484,2
3485,0
3486,2
3487,2
3488,0
3489,2
3490,0
3491,1
3492,0
3493,2
3494,2
3495,0
3496,1
3497,2
3498,2
3499,0
3500,0
3501,2
3502,1
3503,2
3504,1
3505,2
3506,2
3507,2
3508,0
3509,1
3510,0
3511,2
3512,0
3513,1
3514,2
3515,0
3516,2
3517,2
3518,0
3519,0
3520,0
3521,2
3522,0
3523,0
3524,2
3525,1
3526,0
3527,0
3528,0
3529,2
3530,0
3531,0
3532,1
3533,0
3534,2
3535,2
3536,2
3537,2
3538,0
3539,2
3540,2
3541,0
3542,0
3543,0
3544,0
3545,2
3546,2
3547,0
3548,0
3549,2
3550,0
3551,1
3552,2
3553,1
3554,0
3555,2
3556,0
3557,0
3558,0
3559,2
3560,2
3561,1
3562,1
3563,0
3564,0
3565,0
3566,0
3567,1
3568,2
3569,0
3570,2
3571,2
3572,2
3573,2
3574,0
3575,1
3576,2
3577,2
3578,2
3579,2
3580,0
3581,2
3582,2
3583,0
3584,2
3585,2
3586,0
3587,0
3588,0
3589,0
3590,2
3591,2
3592,1
3593,1
3594,0
3595,0
3596,0
3597,0
3598,0
3599,0
3600,0
3601,0
3602,2
3603,0
3604,0
3605,1
3606,2
3607,2
3608,2
3609,1
3610,0
3611,2
3612,0
3613,2
3614,2
3615,2
3616,1
3617,2
3618,2
3619,2
3620,0
3621,2
3622,2
3623,2
3624,2
3625,2
3626,0
3627,0
3628,2
3629,0
3630,0
3631,1
3632,2
3633,0
3634,0
3635,2
3636,2
3637,2
3638,2
3639,1
3640,2
3641,2
3642,0
3643,0
3644,0
3645,2
3646,2
3647,2
3648,2
3649,2
3650,2
3651,0
3652,0
3653,2
3654,0
3655,2
3656,0
3657,2
3658,2
3659,2
3660,2
3661,0
3662,1
3663,2
3664,0
3665,2
3666,0
3667,2
3668,0
3669,0
3670,2
3671,2
3672,1
3673,2
3674,0
3675,1
3676,0
3677,2
3678,0
3679,2
3680,2
3681,1
3682,0
3683,2
3684,0
3685,0
3686,2
3687,0
3688,0
3689,2
3690,0
3691,2
3692,2
3693,0
3694,2
3695,2
3696,2
3697,0
3698,0
3699,0
3700,2
3701,0
3702,0
3703,2
3704,2
3705,1
3706,0
3707,0
3708,0
3709,2
3710,0
3711,0
3712,0
3713,2
3714,1
3715,2
3716,2
3717,1
3718,0
3719,0
3720,0
3721,1
3722,1
3723,0
3724,2
3725,1
3726,0
3727,2
3728,2
3729,1
3730,1
3731,2
3732,1
3733,2
3734,0
3735,2
3736,0
3737,0
3738,2
3739,0
3740,2
3741,2
3742,2
3743,0
3744,2
3745,0
3746,0
3747,2
3748,2
3749,0
3750,2
3751,2
3752,2
3753,0
3754,0
3755,2
3756,2
3757,1
3758,0
3759,2
3760,0
3761,0
3762,0
3763,0
3764,0
3765,0
3766,0
3767,1
3768,0
3769,2
3770,0
3771,1
3772,1
3773,0
3774,2
3775,0
3776,0
3777,0
3778,2
3779,0
3780,0
3781,0
3782,0
3783,2
3784,1
3785,1
3786,2
3787,0
3788,1
3789,2
3790,0
3791,1
3792,0
3793,2
3794,2
3795,1
3796,0
3797,0
3798,0
3799,2
3800,0
3801,2
3802,0
3803,2
3804,1
3805,1
3806,2
3807,0
3808,0
3809,0
3810,2
3811,2
3812,0
3813,2
3814,2
3815,2
3816,0
3817,0
3818,0
3819,0
3820,1
3821,1
3822,2
3823,1
3824,1
3825,2
3826,0
3827,0
3828,0
3829,1
3830,2
3831,2
3832,0
3833,1
3834,2
3835,2
3836,1
3837,2
3838,2
3839,2
3840,2
3841,2
3842,0
3843,0
3844,1
3845,2
3846,2
3847,2
3848,2
3849,1
3850,0
3851,1
3852,2
3853,2
3854,1
3855,2
3856,2
3857,0
3858,0
3859,1
3860,0
3861,1
3862,2
3863,0
3864,2
3865,0
3866,0
3867,0
3868,1
3869,0
3870,2
3871,0
3872,0
3873,0
3874,0
3875,2
3876,2
3877,2
3878,0
3879,0
3880,1
3881,2
3882,2
3883,0
3884,0
3885,0
3886,0
3887,2
3888,0
3889,0
3890,2
3891,0
3892,2
3893,1
3894,0
3895,2
3896,1
3897,1
3898,0
3899,2
3900,0
3901,0
3902,2
3903,2
3904,2
3905,2
3906,1
3907,0
3908,0
3909,0
3910,2
3911,2
3912,0
3913,0
3914,2
3915,0
3916,2
3917,0
3918,0
3919,0
3920,2
3921,2
3922,2
3923,1
3924,2
3925,1
3926,0
3927,1
3928,2
3929,1
3930,0
3931,2
3932,2
3933,2
3934,1
3935,0
3936,0
3937,2
3938,1
3939,2
3940,1
3941,0
3942,2
3943,2
3944,2
3945,2
3946,0
3947,0
3948,1
3949,2
3950,2
3951,0
3952,2
3953,2
3954,1
3955,0
3956,0
3957,2
3958,2
3959,2
3960,2
3961,2
3962,0
3963,0
3964,0
3965,0
3966,2
3967,1
3968,0
3969,0
3970,2
3971,2
3972,2
3973,0
3974,0
3975,2
3976,2
3977,0
3978,2
3979,0
3980,1
3981,0
3982,0
3983,0
3984,2
3985,2
3986,0
3987,0
3988,2
3989,0
3990,1
3991,1
3992,0
3993,0
3994,2
3995,0
3996,2
3997,2
3998,0
3999,0
4000,2
4001,2
4002,2
4003,1
4004,2
4005,0
4006,2
4007,2
4008,0
4009,1
4010,2
4011,2
4012,2
4013,0
4014,0
4015,2
4016,0
4017,0
4018,1
4019,2
4020,2
4021,2
4022,0
4023,0
4024,2
4025,0
4026,0
4027,2
4028,0
4029,0
4030,2
4031,2
4032,0
4033,0
4034,0
4035,2
4036,1
4037,2
4038,0
4039,2
4040,2
4041,2
4042,0
4043,2
4044,0
4045,1
4046,0
4047,1
4048,0
4049,1
4050,0
4051,2
4052,1
4053,0
4054,0
4055,0
4056,2
4057,2
4058,2
4059,2
4060,2
4061,0
4062,1
4063,2
4064,2
4065,2
4066,2
4067,1
4068,2
4069,0
4070,0
4071,2
4072,0
4073,0
4074,1
4075,2
4076,0
4077,2
4078,2
4079,2
4080,1
4081,0
4082,1
4083,2
4084,0
4085,0
4086,0
4087,2
4088,2
4089,0
4090,2
4091,2
4092,2
4093,1
4094,0
4095,2
4096,2
4097,2
4098,2
4099,2
4100,1
4101,2
4102,1
4103,2
4104,0
4105,2
4106,1
4107,0
4108,0
4109,0
4110,0
4111,0
4112,0
4113,2
4114,0
4115,0
4116,0
4117,2
4118,0
4119,1
4120,0
4121,0
4122,2
4123,0
4124,0
4125,2
4126,0
4127,2
4128,2
4129,2
4130,2
4131,2
4132,0
4133,2
4134,0
4135,2
4136,1
4137,0
4138,1
4139,0
4140,0
4141,0
4142,1
4143,2
4144,2
4145,0
4146,2
4147,0
4148,1
4149,0
4150,1
4151,0
4152,2
4153,1
4154,0
4155,2
4156,0
4157,0
4158,1
4159,2
4160,1
4161,0
4162,2
4163,0
4164,2
4165,0
4166,0
4167,2
4168,2
4169,1
4170,1
4171,2
4172,1
4173,2
4174,0
4175,0
4176,2
4177,2
4178,0
4179,0
4180,0
4181,0
4182,2
4183,2
4184,2
4185,1
4186,0
4187,0
4188,1
4189,2
4190,0
4191,0
4192,1
4193,0
4194,2
4195,0
4196,0
4197,0
4198,1
4199,2
4200,1
4201,1
4202,2
4203,2
4204,0
4205,0
4206,0
4207,0
4208,0
4209,0
4210,0
4211,2
4212,2
4213,0
4214,2
4215,0
4216,0
4217,2
4218,0
4219,0
4220,2
4221,0
4222,0
4223,0
4224,0
4225,1
4226,2
4227,0
4228,1
4229,2
4230,0
4231,2
4232,2
4233,0
4234,2
4235,2
4236,0
4237,0
4238,0
4239,2
4240,0
4241,2
4242,2
4243,0
4244,2
4245,0
4246,2
4247,2
4248,2
4249,2
4250,2
4251,2
4252,0
4253,0
4254,1
4255,0
4256,1
4257,2
4258,1
4259,0
4260,2
4261,0
4262,0
4263,1
4264,1
4265,2
4266,1
4267,2
4268,1
4269,2
4270,2
4271,2
4272,0
4273,0
4274,0
4275,0
4276,2
4277,2
4278,2
4279,0
4280,0
4281,2
4282,0
4283,0
4284,0
4285,2
4286,2
4287,2
4288,1
4289,2
4290,2
4291,0
4292,2
4293,0
4294,0
4295,0
4296,2
4297,0
4298,2
4299,0
4300,1
4301,0
4302,2
4303,0
4304,0
4305,2
4306,0
4307,1
4308,0
4309,0
4310,0
4311,2
4312,2
4313,0
4314,0
4315,0
4316,0
4317,2
4318,2
4319,2
4320,0
4321,2
4322,2
4323,0
4324,2
4325,2
4326,2
4327,2
4328,2
4329,0
4330,0
4331,2
4332,0
4333,0
4334,2
4335,2
4336,0
4337,0
4338,1
4339,2
4340,2
4341,0
4342,2
4343,0
4344,2
4345,2
4346,0
4347,2
4348,1
4349,2
4350,0
4351,0
4352,0
4353,2
4354,0
4355,1
4356,2
4357,0
4358,0
4359,0
4360,2
4361,2
4362,0
4363,2
4364,0
4365,1
4366,0
4367,2
4368,0
4369,0
4370,1
4371,0
4372,2
4373,1
4374,1
4375,0
4376,0
4377,2
4378,1
4379,0
4380,2
4381,1
4382,1
4383,1
4384,0
4385,0
4386,2
4387,1
4388,0
4389,2
4390,0
4391,0
4392,2
4393,0
4394,0
4395,1
4396,2
4397,0
4398,2
4399,2
4400,0
4401,2
4402,0
4403,2
4404,2
4405,1
4406,1
4407,0
4408,0
4409,1
4410,1
4411,0
4412,2
4413,2
4414,0
4415,2
4416,2
4417,0
4418,0
4419,0
4420,2
4421,2
4422,1
4423,0
4424,2
4425,0
4426,0
4427,0
4428,1
4429,2
4430,0
4431,0
4432,2
4433,2
4434,2
4435,0
4436,0
4437,0
4438,2
4439,0
4440,0
4441,1
4442,0
4443,2
4444,0
4445,0
4446,2
4447,1
4448,0
4449,1
4450,2
4451,2
4452,2
4453,1
4454,0
4455,0
4456,0
4457,0
4458,2
4459,2
4460,2
4461,2
4462,0
4463,2
4464,2
4465,2
4466,0
4467,2
4468,1
4469,2
4470,2
4471,2
4472,0
4473,0
4474,2
4475,0
4476,1
4477,2
4478,1
4479,2
4480,1
4481,1
4482,2
4483,0
4484,2
4485,2
4486,1
4487,2
4488,2
4489,0
4490,1
4491,1
4492,2
4493,0
4494,0
4495,2
4496,0
4497,2
4498,2
4499,0
4500,1
4501,1
4502,0
4503,0
4504,0
4505,2
4506,0
4507,2
4508,1
4509,0
4510,2
4511,0
4512,0
4513,1
4514,0
4515,0
4516,0
4517,0
4518,0
4519,2
4520,2
4521,0
4522,2
4523,0
4524,1
4525,2
4526,2
4527,0
4528,2
4529,0
4530,2
4531,1
4532,2
4533,2
4534,0
4535,0
4536,2
4537,2
4538,2
4539,2
4540,2
4541,0
4542,2
4543,2
4544,0
4545,0
4546,1
4547,2
4548,2
4549,2
4550,0
4551,2
4552,2
4553,2
4554,2
4555,0
4556,0
4557,2
4558,2
4559,2
4560,1
4561,2
4562,2
4563,1
4564,2
4565,2
4566,2
4567,0
4568,2
4569,0
4570,0
4571,0
4572,2
4573,2
4574,2
4575,1
4576,2
4577,1
4578,0
4579,0
4580,1
4581,0
4582,0
4583,2
4584,2
4585,0
4586,0
4587,0
4588,0
4589,0
4590,0
4591,2
4592,2
4593,2
4594,2
4595,2
4596,1
4597,0
4598,2
4599,0
4600,0
4601,0
4602,0
4603,2
4604,0
4605,1
4606,2
4607,2
4608,0
4609,0
4610,0
4611,2
4612,0
4613,2
4614,2
4615,2
4616,0
4617,0
4618,2
4619,2
4620,0
4621,2
4622,2
4623,2
4624,2
4625,0
4626,2
4627,0
4628,0
4629,1
4630,2
4631,2
4632,2
4633,0
4634,2
4635,2
4636,0
4637,2
4638,2
4639,0
4640,0
4641,0
4642,0
4643,1
4644,0
4645,0
4646,2
4647,1
4648,1
4649,0
4650,0
4651,2
4652,1
4653,2
4654,2
4655,0
4656,2
4657,0
4658,0
4659,2
4660,2
4661,1
4662,1
4663,1
4664,0
4665,2
4666,0
4667,2
4668,2
4669,0
4670,0
4671,2
4672,1
4673,0
4674,2
4675,0
4676,2
4677,0
4678,2
4679,2
4680,0
4681,2
4682,0
4683,1
4684,0
4685,0
4686,2
4687,0
4688,0
4689,0
4690,1
4691,2
4692,2
4693,1
4694,2
4695,0
4696,0
4697,0
4698,0
4699,0
4700,2
4701,1
4702,0
4703,0
4704,2
4705,2
4706,2
4707,2
4708,2
4709,1
4710,2
4711,0
4712,1
4713,0
4714,0
4715,1
4716,0
4717,1
4718,0
4719,2
4720,2
4721,2
4722,2
4723,2
4724,2
4725,0
4726,2
4727,0
4728,2
4729,2
4730,1
4731,0
4732,2
4733,2
4734,2
4735,2
4736,1
4737,2
4738,0
4739,0
4740,2
4741,2
4742,0
4743,0
4744,0
4745,0
4746,0
4747,2
4748,0
4749,2
4750,0
4751,1
4752,2
4753,1
4754,0
4755,1
4756,2
4757,0
4758,2
4759,0
4760,0
4761,2
4762,2
4763,2
4764,1
4765,1
4766,2
4767,0
4768,0
4769,2
4770,0
4771,2
4772,0
4773,2
4774,0
4775,2
4776,0
4777,2
4778,2
4779,2
4780,2
4781,2
4782,0
4783,0
4784,2
4785,2
4786,0
4787,0
4788,0
4789,1
4790,0
4791,1
4792,1
4793,2
4794,0
4795,2
4796,1
4797,2
4798,2
4799,0
4800,2
4801,2
4802,0
4803,2
4804,2
4805,2
4806,2
4807,0
4808,2
4809,0
4810,2
4811,2
4812,0
4813,0
4814,2
4815,0
4816,2
4817,0
4818,2
4819,0
4820,2
4821,2
4822,1
4823,0
4824,1
4825,2
4826,1
4827,0
4828,2
4829,0
4830,1
4831,0
4832,0
4833,0
4834,0
4835,0
4836,1
4837,0
4838,0
4839,0
4840,2
4841,0
4842,0
4843,2
4844,0
4845,0
4846,2
4847,2
4848,1
4849,1
4850,2
4851,0
4852,0
4853,2
4854,2
4855,2
4856,2
4857,0
4858,0
4859,0
4860,2
4861,0
4862,2
4863,2
4864,0
4865,1
4866,2
4867,1
4868,2
4869,2
4870,1
4871,2
4872,0
4873,0
4874,0
4875,2
4876,0
4877,1
4878,2
4879,0
4880,1
4881,0
4882,2
4883,0
4884,2
4885,0
4886,0
4887,2
4888,1
4889,2
4890,0
4891,0
4892,2
4893,2
4894,2
4895,0
4896,0
4897,2
4898,0
4899,0
4900,1
4901,1
4902,0
4903,1
4904,0
4905,2
4906,2
4907,0
4908,0
4909,1
4910,0
4911,1
4912,2
4913,0
4914,2
4915,2
4916,0
4917,0
4918,2
4919,0
4920,0
4921,2
4922,2
4923,2
4924,0
4925,2
4926,0
4927,2
4928,2
4929,2
4930,2
4931,2
4932,0
4933,2
4934,0
4935,0
4936,2
4937,0
4938,0
4939,2
4940,2
4941,0
4942,2
4943,2
4944,0
4945,2
4946,2
4947,2
4948,2
4949,0
4950,2
4951,0
4952,2
4953,0
4954,0
4955,2
4956,0
4957,2
4958,0
4959,1
4960,1
4961,2
4962,0
4963,0
4964,2
4965,2
4966,2
4967,0
4968,0
4969,0
4970,2
4971,2
4972,2
4973,0
4974,0
4975,0
4976,2
4977,2
4978,2
4979,2
4980,0
4981,2
4982,0
4983,2
4984,0
4985,2
4986,2
4987,2
4988,0
4989,0
4990,2
4991,2
4992,1
4993,1
4994,2
4995,0
4996,2
4997,2
4998,0
4999,2
5000,2
5001,0
5002,2
5003,0
5004,0
5005,2
5006,0
5007,0
5008,2
5009,2
5010,2
5011,2
5012,0
5013,0
5014,0
5015,2
5016,0
5017,2
5018,2
5019,2
5020,1
5021,2
5022,0
5023,0
5024,2
5025,2
5026,0
5027,2
5028,2
5029,2
5030,2
5031,1
5032,0
5033,0
5034,2
5035,2
5036,2
5037,1
5038,0
5039,2
5040,1
5041,2
5042,2
5043,2
5044,2
5045,2
5046,1
5047,2
5048,2
5049,2
5050,2
5051,0
5052,1
5053,1
5054,0
5055,1
5056,0
5057,0
5058,0
5059,1
5060,2
5061,0
5062,0
5063,0
5064,2
5065,0
5066,0
5067,2
5068,2
5069,2
5070,0
5071,2
5072,2
5073,1
5074,2
5075,0
5076,0
5077,2
5078,1
5079,2
5080,1
5081,1
5082,0
5083,0
5084,0
5085,0
5086,2
5087,1
5088,0
5089,1
5090,2
5091,2
5092,0
5093,2
5094,0
5095,0
5096,0
5097,1
5098,2
5099,0
5100,2
5101,0
5102,2
5103,2
5104,2
5105,1
5106,2
5107,1
5108,2
5109,1
5110,0
5111,0
5112,2
5113,2
5114,0
5115,0
5116,0
5117,0
5118,0
5119,2
5120,2
5121,0
5122,2
5123,1
5124,0
5125,0
5126,0
5127,1
5128,0
5129,0
5130,2
5131,2
5132,2
5133,2
5134,0
5135,2
5136,2
5137,0
5138,1
5139,0
5140,2
5141,2
5142,0
5143,0
5144,0
5145,1
5146,0
5147,0
5148,2
5149,0
5150,0
5151,0
5152,1
5153,1
5154,0
5155,0
5156,2
5157,2
5158,0
5159,1
5160,0
5161,1
5162,2
5163,2
5164,2
5165,2
5166,2
5167,0
5168,2
5169,0
5170,0
5171,2
5172,0
5173,2
5174,0
5175,2
5176,0
5177,2
5178,2
5179,2
5180,0
5181,2
5182,2
5183,1
5184,0
5185,2
5186,0
5187,0
5188,2
5189,0
5190,0
5191,0
5192,2
5193,2
5194,0
5195,1
5196,2
5197,1
5198,0
5199,0
5200,0
5201,2
5202,0
5203,0
5204,0
5205,1
5206,1
5207,1
5208,2
5209,0
5210,2
5211,2
5212,2
5213,2
5214,2
5215,0
5216,2
5217,2
5218,1
5219,0
5220,0
5221,0
5222,2
5223,1
5224,2
5225,2
5226,2
5227,0
5228,0
5229,2
5230,0
5231,1
5232,0
5233,1
5234,2
5235,0
5236,2
5237,2
5238,2
5239,2
5240,0
5241,2
5242,0
5243,2
5244,0
5245,2
5246,0
5247,0
5248,1
5249,2
5250,2
5251,0
5252,2
5253,0
5254,0
5255,0
5256,1
5257,2
5258,0
5259,2
5260,2
5261,1
5262,2
5263,0
5264,2
5265,2
5266,0
5267,0
5268,1
5269,2
5270,2
5271,0
5272,2
5273,0
5274,2
5275,2
5276,0
5277,1
5278,2
5279,2
5280,0
5281,1
5282,2
5283,0
5284,0
5285,0
5286,0
5287,1
5288,0
5289,2
5290,2
5291,1
5292,2
5293,1
5294,2
5295,0
5296,0
5297,2
5298,0
5299,2
5300,0
5301,2
5302,2
5303,2
5304,0
5305,2
5306,0
5307,0
5308,2
5309,2
5310,1
5311,2
5312,0
5313,0
5314,2
5315,0
5316,2
5317,0
5318,0
5319,1
5320,0
5321,0
5322,2
5323,2
5324,1
5325,1
5326,2
5327,1
5328,2
5329,2
5330,2
5331,1
5332,2
5333,2
5334,0
5335,2
5336,2
5337,2
5338,2
5339,1
5340,0
5341,2
5342,1
5343,0
5344,2
5345,2
5346,0
5347,0
5348,2
5349,0
5350,0
5351,1
5352,2
5353,1
5354,2
5355,0
5356,2
5357,2
5358,2
5359,2
5360,0
5361,2
5362,0
5363,0
5364,0
5365,0
5366,1
5367,2
5368,2
5369,0
5370,0
5371,1
5372,0
5373,2
5374,1
5375,0
5376,0
5377,2
5378,2
5379,0
5380,2
5381,0
5382,2
5383,0
5384,2
5385,2
5386,1
5387,2
5388,0
5389,2
5390,2
5391,0
5392,2
5393,1
5394,0
5395,0
5396,1
5397,0
5398,0
5399,2
5400,2
5401,0
5402,2
5403,2
5404,0
5405,2
5406,2
5407,2
5408,0
5409,0
5410,1
5411,0
5412,0
5413,0
5414,0
5415,2
5416,2
5417,2
5418,2
5419,2
5420,0
5421,2
5422,1
5423,2
5424,1
5425,0
5426,2
5427,0
5428,0
5429,0
5430,2
5431,2
5432,2
5433,0
5434,2
5435,0
5436,2
5437,2
5438,0
5439,1
5440,2
5441,0
5442,0
5443,2
5444,2
5445,1
5446,2
5447,0
5448,2
5449,0
5450,2
5451,1
5452,2
5453,0
5454,2
5455,2
5456,0
5457,0
5458,2
5459,2
5460,1
5461,2
5462,2
5463,2
5464,2
5465,0
5466,2
5467,1
5468,2
5469,1
5470,0
5471,2
5472,2
5473,2
5474,1
5475,0
5476,2
5477,0
5478,1
5479,1
5480,1
5481,2
5482,0
5483,0
5484,0
5485,0
5486,0
5487,2
5488,0
5489,2
5490,0
5491,2
5492,2
5493,0
5494,2
5495,1
5496,2
5497,2
5498,2
5499,2
5500,2
5501,2
5502,1
5503,2
5504,2
5505,2
5506,0
5507,0
5508,0
5509,2
5510,1
5511,2
5512,1
5513,2
5514,0
5515,2
5516,2
5517,1
5518,0
5519,2
5520,0
5521,0
5522,2
5523,0
5524,1
5525,2
5526,0
5527,1
5528,2
5529,2
5530,0
5531,0
5532,1
5533,0
5534,0
5535,0
5536,2
5537,2
5538,0
5539,0
5540,2
5541,2
5542,2
5543,0
5544,0
5545,2
5546,2
5547,2
5548,2
5549,0
5550,2
5551,0
5552,2
5553,2
5554,2
5555,0
5556,0
5557,1
5558,0
5559,1
5560,1
5561,0
5562,2
5563,1
5564,2
5565,0
5566,0
5567,0
5568,2
5569,2
5570,1
5571,0
5572,0
5573,0
5574,2
5575,2
5576,2
5577,0
5578,2
5579,0
5580,2
5581,2
5582,0
5583,0
5584,2
5585,2
5586,0
5587,2
5588,0
5589,0
5590,0
5591,1
5592,1
5593,0
5594,0
5595,2
5596,2
5597,0
5598,0
5599,2
5600,0
5601,0
5602,0
5603,2
5604,0
5605,2
5606,2
5607,2
5608,0
5609,2
5610,2
5611,0
5612,0
5613,0
5614,0
5615,0
5616,2
5617,0
5618,2
5619,2
5620,0
5621,2
5622,2
5623,0
5624,1
5625,2
5626,2
5627,0
5628,0
5629,2
5630,0
5631,2
5632,2
5633,2
5634,2
5635,1
5636,2
5637,2
5638,0
5639,2
5640,2
5641,0
5642,2
5643,0
5644,0
5645,0
5646,2
5647,1
5648,2
5649,2
5650,0
5651,2
5652,2
5653,0
5654,0
5655,0
5656,2
5657,0
5658,2
5659,2
5660,2
5661,0
5662,2
5663,2
5664,0
5665,2
5666,0
5667,2
5668,1
5669,2
5670,1
5671,0
5672,2
5673,2
5674,0
5675,0
5676,1
5677,0
5678,1
5679,0
5680,0
5681,2
5682,0
5683,2
5684,2
5685,0
5686,2
5687,1
5688,1
5689,0
5690,0
5691,2
5692,0
5693,2
5694,0
5695,0
5696,0
5697,0
5698,0
5699,1
5700,0
5701,2
5702,2
5703,2
5704,1
5705,0
5706,0
5707,2
5708,0
5709,1
5710,0
5711,2
5712,2
5713,2
5714,2
5715,2
5716,2
5717,0
5718,0
5719,0
5720,1
5721,0
5722,1
5723,2
5724,2
5725,0
5726,2
5727,0
5728,2
5729,0
5730,0
5731,0
5732,0
5733,0
5734,0
5735,0
5736,1
5737,1
5738,0
5739,2
5740,2
5741,2
5742,2
5743,1
5744,0
5745,0
5746,2
5747,0
5748,2
5749,0
5750,0
5751,2
5752,1
5753,2
5754,2
5755,0
5756,2
5757,2
5758,0
5759,2
5760,0
5761,2
5762,2
5763,0
5764,0
5765,0
5766,2
5767,1
5768,2
5769,1
5770,0
5771,2
5772,0
5773,1
5774,0
5775,0
5776,2
5777,0
5778,0
5779,2
5780,0
5781,2
5782,2
5783,0
5784,0
5785,1
5786,0
5787,0
5788,0
5789,2
5790,2
5791,2
5792,2
5793,1
5794,0
5795,2
5796,2
5797,0
5798,2
5799,2
5800,2
5801,2
5802,0
5803,2
5804,1
5805,0
5806,2
5807,0
5808,2
5809,0
5810,0
5811,1
5812,2
5813,0
5814,2
5815,2
5816,2
5817,0
5818,0
5819,0
5820,2
5821,0
5822,1
5823,1
5824,1
5825,1
5826,1
5827,2
5828,0
5829,0
5830,0
5831,2
5832,2
5833,0
5834,0
5835,1
5836,0
5837,2
5838,0
5839,1
5840,0
5841,2
5842,0
5843,1
5844,1
5845,2
5846,1
5847,1
5848,0
5849,1
5850,0
5851,2
5852,2
5853,0
5854,2
5855,0
5856,1
5857,2
5858,2
5859,1
5860,2
5861,0
5862,0
5863,2
5864,0
5865,0
5866,1
5867,0
5868,2
5869,1
5870,2
5871,0
5872,0
5873,0
5874,2
5875,1
5876,0
5877,0
5878,2
5879,1
5880,2
5881,0
5882,0
5883,0
5884,0
5885,1
5886,0
5887,0
5888,2
5889,1
5890,2
5891,2
5892,2
5893,1
5894,0
5895,1
5896,1
5897,1
5898,0
5899,0
5900,2
5901,0
5902,2
5903,2
5904,0
5905,2
5906,1
5907,2
5908,1
5909,1
5910,0
5911,2
5912,0
5913,0
5914,0
5915,2
5916,0
5917,1
5918,0
5919,0
5920,0
5921,2
5922,0
5923,0
5924,2
5925,0
5926,0
5927,0
5928,1
5929,0
5930,0
5931,0
5932,0
5933,2
5934,2
5935,0
5936,2
5937,2
5938,1
5939,2
5940,1
5941,0
5942,0
5943,0
5944,2
5945,2
5946,0
5947,2
5948,0
5949,2
5950,1
5951,1
5952,0
5953,0
5954,0
5955,2
5956,1
5957,2
5958,2
5959,2
5960,0
5961,1
5962,2
5963,2
5964,2
5965,0
5966,0
5967,2
5968,0
5969,0
5970,2
5971,2
5972,1
5973,0
5974,0
5975,1
5976,0
5977,2
5978,2
5979,0
5980,0
5981,2
5982,2
5983,1
5984,0
5985,0
5986,0
5987,2
5988,0
5989,2
5990,0
5991,0
5992,0
5993,2
5994,0
5995,0
5996,2
5997,2
5998,2
5999,2
6000,0
6001,0
6002,0
6003,0
6004,2
6005,2
6006,0
6007,0
6008,1
6009,2
6010,0
6011,0
6012,1
6013,2
6014,2
6015,1
6016,2
6017,2
6018,0
6019,1
6020,2
6021,0
6022,0
6023,0
6024,2
6025,2
6026,0
6027,2
6028,1
6029,2
6030,2
6031,0
6032,2
6033,0
6034,1
6035,2
6036,2
6037,0
6038,0
6039,0
6040,2
6041,2
6042,0
6043,2
6044,0
6045,0
6046,0
6047,0
6048,0
6049,2
6050,2
6051,0
6052,2
6053,1
6054,2
6055,1
6056,1
6057,2
6058,2
6059,1
6060,2
6061,1
6062,0
6063,0
6064,0
6065,0
6066,2
6067,0
6068,2
6069,0
6070,0
6071,0
6072,2
6073,0
6074,1
6075,0
6076,0
6077,0
6078,2
6079,0
6080,2
6081,0
6082,2
6083,1
6084,0
6085,2
6086,2
6087,0
6088,2
6089,2
6090,0
6091,2
6092,2
6093,0
6094,2
6095,0
6096,0
6097,2
6098,2
6099,2
6100,2
6101,1
6102,0
6103,0
6104,2
6105,0
6106,2
6107,1
6108,2
6109,0
6110,0
6111,2
6112,2
6113,1
6114,0
6115,2
6116,1
6117,1
6118,2
6119,2
6120,0
6121,0
6122,2
6123,2
6124,2
6125,2
6126,0
6127,0
6128,0
6129,2
6130,0
6131,2
6132,0
6133,0
6134,0
6135,0
6136,0
6137,0
6138,0
6139,2
6140,0
6141,0
6142,2
6143,2
6144,0
6145,0
6146,0
6147,0
6148,1
6149,0
6150,2
6151,2
6152,0
6153,0
6154,2
6155,0
6156,0
6157,1
6158,2
6159,2
6160,2
6161,2
6162,2
6163,0
6164,2
6165,2
6166,0
6167,2
6168,0
6169,0
6170,2
6171,2
6172,2
6173,2
6174,0
6175,0
6176,2
6177,0
6178,2
6179,0
6180,0
6181,1
6182,0
6183,0
6184,2
6185,0
6186,0
6187,2
6188,2
6189,2
6190,2
6191,0
6192,0
6193,2
6194,1
6195,0
6196,0
6197,2
6198,0
6199,0
6200,2
6201,1
6202,2
6203,2
6204,2
6205,2
6206,0
6207,2
6208,1
6209,0
6210,2
6211,0
6212,2
6213,0
6214,2
6215,0
6216,0
6217,0
6218,2
6219,0
6220,2
6221,0
6222,1
6223,1
6224,2
6225,0
6226,2
6227,2
6228,0
6229,0
6230,0
6231,0
6232,0
6233,0
6234,0
6235,0
6236,1
6237,1
6238,0
6239,2
6240,2
6241,2
6242,2
6243,0
6244,2
6245,0
6246,1
6247,0
6248,1
6249,1
6250,2
6251,0
6252,0
6253,1
6254,0
6255,2
6256,2
6257,0
6258,1
6259,2
6260,0
6261,0
6262,1
6263,0
6264,1
6265,1
6266,2
6267,2
6268,1
6269,0
6270,1
6271,0
6272,2
6273,0
6274,1
6275,2
6276,2
6277,2
6278,1
6279,0
6280,1
6281,0
6282,2
6283,2
6284,2
6285,0
6286,2
6287,0
6288,2
6289,2
6290,2
6291,2
6292,0
6293,0
6294,2
6295,2
6296,0
6297,2
6298,0
6299,0
6300,0
6301,0
6302,1
6303,2
6304,2
6305,2
6306,0
6307,0
6308,0
6309,1
6310,2
6311,0
6312,1
6313,2
6314,2
6315,2
6316,2
6317,2
6318,0
6319,0
6320,0
6321,2
6322,0
6323,0
6324,0
6325,2
6326,1
6327,2
6328,0
6329,0
6330,0
6331,2
6332,0
6333,0
6334,1
6335,0
6336,0
6337,0
6338,2
6339,0
6340,0
6341,0
6342,2
6343,0
6344,2
6345,0
6346,0
6347,2
6348,2
6349,0
6350,2
6351,2
6352,2
6353,0
6354,0
6355,2
6356,0
6357,1
6358,0
6359,0
6360,2
6361,2
6362,2
6363,0
6364,2
6365,2
6366,0
6367,0
6368,2
6369,1
6370,0
6371,2
6372,0
6373,2
6374,2
6375,0
6376,2
6377,2
6378,0
6379,2
6380,1
6381,0
6382,0
6383,0
6384,0
6385,1
6386,2
6387,2
6388,0
6389,0
6390,2
6391,0
6392,0
6393,2
6394,2
6395,2
6396,0
6397,2
6398,0
6399,2
6400,2
6401,2
6402,0
6403,2
6404,2
6405,2
6406,1
6407,2
6408,0
6409,0
6410,0
6411,0
6412,0
6413,0
6414,1
6415,2
6416,0
6417,0
6418,2
6419,0
6420,2
6421,2
6422,2
6423,1
6424,0
6425,0
6426,1
6427,0
6428,0
6429,0
6430,0
6431,1
6432,1
6433,2
6434,2
6435,1
6436,0
6437,0
6438,2
6439,2
6440,1
6441,2
6442,2
6443,2
6444,2
6445,0
6446,2
6447,0
6448,0
6449,2
6450,0
6451,0
6452,0
6453,0
6454,2
6455,0
6456,2
6457,0
6458,0
6459,0
6460,2
6461,1
6462,2
6463,0
6464,2
6465,2
6466,2
6467,2
6468,2
6469,0
6470,2
6471,0
6472,2
6473,2
6474,0
6475,0
6476,0
6477,0
6478,0
6479,0
6480,0
6481,0
6482,0
6483,0
6484,2
6485,2
6486,0
6487,0
6488,2
6489,1
6490,0
6491,0
6492,2
6493,0
6494,0
6495,0
6496,0
6497,0
6498,2
6499,1
6500,2
6501,2
6502,2
6503,2
6504,2
6505,2
6506,0
6507,0
6508,1
6509,1
6510,0
6511,0
6512,1
6513,0
6514,1
6515,0
6516,0
6517,2
6518,1
6519,0
6520,0
6521,0
6522,2
6523,0
6524,0
6525,0
6526,2
6527,0
6528,2
6529,2
6530,2
6531,2
6532,0
6533,0
6534,2
6535,2
6536,2
6537,2
6538,1
6539,0
6540,0
6541,0
6542,2
6543,0
6544,2
6545,0
6546,0
6547,2
6548,2
6549,2
6550,2
6551,2
6552,2
6553,0
6554,0
6555,0
6556,0
6557,2
6558,2
6559,0
6560,2
6561,1
6562,2
6563,0
6564,2
6565,2
6566,2
6567,0
6568,2
6569,0
6570,0
6571,0
6572,0
6573,0
6574,2
6575,2
6576,0
6577,0
6578,2
6579,1
6580,2
6581,2
6582,0
6583,0
6584,1
6585,2
6586,2
6587,0
6588,0
6589,2
6590,0
6591,0
6592,2
6593,0
6594,1
6595,2
6596,0
6597,2
6598,0
6599,0
6600,1
6601,0
6602,0
6603,2
6604,2
6605,2
6606,2
6607,1
6608,1
6609,1
6610,2
6611,0
6612,2
6613,0
6614,0
6615,1
6616,1
6617,2
6618,0
6619,2
6620,2
6621,2
6622,0
6623,0
6624,2
6625,0
6626,2
6627,0
6628,2
6629,2
6630,0
6631,0
6632,0
6633,0
6634,2
6635,0
6636,1
6637,2
6638,2
6639,0
6640,2
6641,2
6642,0
6643,0
6644,0
6645,1
6646,2
6647,0
6648,1
6649,0
6650,2
6651,2
6652,0
6653,0
6654,0
6655,2
6656,1
6657,2
6658,2
6659,0
6660,2
6661,2
6662,0
6663,0
6664,2
6665,2
6666,2
6667,0
6668,0
6669,2
6670,2
6671,2
6672,1
6673,0
6674,0
6675,2
6676,0
6677,2
6678,2
6679,2
6680,0
6681,1
6682,0
6683,0
6684,2
6685,1
6686,0
6687,2
6688,0
6689,0
6690,2
6691,0
6692,1
6693,2
6694,1
6695,1
6696,2
6697,2
6698,0
6699,2
6700,0
6701,0
6702,2
6703,0
6704,0
6705,0
6706,0
6707,0
6708,0
6709,2
6710,2
6711,2
6712,2
6713,0
6714,2
6715,2
6716,2
6717,0
6718,1
6719,1
6720,0
6721,1
6722,0
6723,1
6724,2
6725,1
6726,1
6727,0
6728,0
6729,0
6730,2
6731,2
6732,0
6733,2
6734,0
6735,2
6736,2
6737,0
6738,2
6739,1
6740,1
6741,2
6742,2
6743,2
6744,2
6745,0
6746,2
6747,2
6748,1
6749,0
6750,1
6751,0
6752,2
6753,1
6754,0
6755,0
6756,0
6757,1
6758,0
6759,0
6760,0
6761,0
6762,0
6763,2
6764,2
6765,0
6766,2
6767,0
6768,2
6769,2
6770,0
6771,0
6772,2
6773,0
6774,2
6775,2
6776,1
6777,0
6778,0
6779,2
6780,2
6781,2
6782,2
6783,0
6784,0
6785,2
6786,1
6787,0
6788,2
6789,2
6790,0
6791,2
6792,2
6793,1
6794,2
6795,0
6796,0
6797,2
6798,2
6799,0
6800,0
6801,0
6802,2
6803,2
6804,2
6805,2
6806,0
6807,2
6808,2
6809,2
6810,1
6811,0
6812,0
6813,0
6814,0
6815,2
6816,0
6817,1
6818,2
6819,0
6820,2
6821,0
6822,0
6823,2
6824,0
6825,2
6826,0
6827,0
6828,1
6829,2
6830,0
6831,2
6832,2
6833,0
6834,0
6835,0
6836,1
6837,2
6838,2
6839,0
6840,1
6841,1
6842,1
6843,0
6844,2
6845,2
6846,2
6847,0
6848,2
6849,2
6850,1
6851,2
6852,2
6853,2
6854,0
6855,1
6856,2
6857,2
6858,0
6859,1
6860,2
6861,2
6862,2
6863,1
6864,0
6865,1
6866,0
6867,2
6868,2
6869,0
6870,0
6871,1
6872,0
6873,2
6874,2
6875,0
6876,2
6877,2
6878,2
6879,1
6880,0
6881,1
6882,0
6883,2
6884,1
6885,0
6886,0
6887,0
6888,2
6889,0
6890,2
6891,0
6892,2
6893,0
6894,0
6895,0
6896,2
6897,0
6898,2
6899,2
6900,1
6901,0
6902,2
6903,0
6904,0
6905,2
6906,0
6907,0
6908,0
6909,2
6910,2
6911,1
6912,2
6913,2
6914,0
6915,2
6916,0
6917,2
6918,1
6919,0
6920,2
6921,2
6922,1
6923,2
6924,2
6925,2
6926,0
6927,0
6928,2
6929,1
6930,0
6931,0
6932,2
6933,0
6934,2
6935,2
6936,0
6937,0
6938,2
6939,1
6940,2
6941,2
6942,2
6943,2
6944,2
6945,1
6946,2
6947,2
6948,2
6949,0
6950,0
6951,2
6952,0
6953,2
6954,2
6955,2
6956,0
6957,2
6958,2
6959,2
6960,2
6961,0
6962,0
6963,0
6964,2
6965,2
6966,0
6967,0
6968,0
6969,0
6970,0
6971,0
6972,0
6973,0
6974,0
6975,0
6976,0
6977,0
6978,2
6979,2
6980,2
6981,2
6982,0
6983,0
6984,1
6985,2
6986,2
6987,1
6988,1
6989,2
6990,1
6991,2
6992,1
6993,2
6994,0
6995,0
6996,2
6997,2
6998,0
6999,0
7000,1
7001,2
7002,2
7003,1
7004,0
7005,0
7006,0
7007,0
7008,1
7009,1
7010,2
7011,2
7012,2
7013,0
7014,2
7015,2
7016,2
7017,0
7018,2
7019,2
7020,2
7021,1
7022,0
7023,0
7024,0
7025,0
7026,1
7027,0
7028,1
7029,0
7030,0
7031,2
7032,2
7033,1
7034,0
7035,2
7036,0
7037,1
7038,0
7039,1
7040,2
7041,2
7042,0
7043,0
7044,1
7045,2
7046,0
7047,2
7048,2
7049,0
7050,1
7051,0
7052,0
7053,2
7054,0
7055,2
7056,0
7057,2
7058,2
7059,0
7060,0
7061,0
7062,0
7063,2
7064,2
7065,1
7066,2
7067,2
7068,1
7069,2
7070,2
7071,2
7072,0
7073,0
7074,1
7075,1
7076,0
7077,2
7078,2
7079,2
7080,1
7081,0
7082,0
7083,0
7084,1
7085,0
7086,2
7087,2
7088,0
7089,0
7090,2
7091,2
7092,0
7093,1
7094,2
7095,0
7096,0
7097,0
7098,0
7099,2
7100,2
7101,0
7102,2
7103,1
7104,2
7105,2
7106,0
7107,0
7108,1
7109,2
7110,0
7111,0
7112,2
7113,0
7114,0
7115,2
7116,0
7117,2
7118,0
7119,2
7120,0
7121,0
7122,1
7123,2
7124,0
7125,2
7126,2
7127,1
7128,2
7129,1
7130,0
7131,0
7132,0
7133,0
7134,2
7135,1
7136,0
7137,0
7138,2
7139,2
7140,2
7141,2
7142,2
7143,2
7144,0
7145,2
7146,2
7147,2
7148,0
7149,0
7150,2
7151,0
7152,0
7153,0
7154,2
7155,0
7156,0
7157,0
7158,2
7159,2
7160,0
7161,2
7162,0
7163,2
7164,2
7165,2
7166,0
7167,2
7168,2
7169,2
7170,0
7171,0
7172,0
7173,2
7174,2
7175,0
7176,0
7177,2
7178,2
7179,2
7180,2
7181,2
7182,2
7183,0
7184,0
7185,1
7186,0
7187,2
7188,0
7189,0
7190,2
7191,2
7192,2
7193,2
7194,1
7195,0
7196,0
7197,2
7198,2
7199,0
7200,2
7201,2
7202,0
7203,2
7204,1
7205,0
7206,2
7207,0
7208,1
7209,0
7210,0
7211,2
7212,2
7213,2
7214,0
7215,2
7216,0
7217,0
7218,2
7219,2
7220,0
7221,2
7222,1
7223,2
7224,0
7225,2
7226,0
7227,0
7228,0
7229,2
7230,2
7231,2
7232,2
7233,0
7234,2
7235,0
7236,0
7237,0
7238,2
7239,0
7240,0
7241,2
7242,0
7243,2
7244,0
7245,0
7246,2
7247,0
7248,2
7249,0
7250,0
7251,2
7252,2
7253,0
7254,1
7255,0
7256,2
7257,0
7258,0
7259,2
7260,0
7261,2
7262,0
7263,0
7264,2
7265,2
7266,1
7267,1
7268,0
7269,0
7270,1
7271,0
7272,2
7273,0
7274,0
7275,0
7276,2
7277,0
7278,2
7279,1
7280,2
7281,0
7282,0
7283,0
7284,0
7285,0
7286,0
7287,0
7288,0
7289,2
7290,0
7291,0
7292,2
7293,0
7294,2
7295,0
7296,0
7297,2
7298,2
7299,0
7300,0
7301,2
7302,0
7303,2
7304,2
7305,1
7306,0
7307,0
7308,0
7309,0
7310,0
7311,0
7312,0
7313,1
7314,2
7315,2
7316,0
7317,0
7318,1
7319,0
7320,0
7321,0
7322,0
7323,0
7324,2
7325,0
7326,0
7327,0
7328,0
7329,2
7330,2
7331,0
7332,0
7333,0
7334,2
7335,0
7336,0
7337,0
7338,0
7339,2
7340,2
7341,0
7342,1
7343,2
7344,1
7345,2
7346,2
7347,1
7348,0
7349,2
7350,0
7351,1
7352,2
7353,0
7354,0
7355,2
7356,2
7357,2
7358,0
7359,0
7360,1
7361,2
7362,1
7363,2
7364,2
7365,0
7366,2
7367,0
7368,1
7369,1
7370,2
7371,0
7372,0
7373,2
7374,2
7375,2
7376,2
7377,0
7378,0
7379,0
7380,0
7381,1
7382,0
7383,0
7384,0
7385,0
7386,0
7387,0
7388,1
7389,0
7390,2
7391,2
7392,2
7393,2
7394,0
7395,2
7396,0
7397,0
7398,0
7399,0
7400,0
7401,2
7402,0
7403,2
7404,0
7405,2
7406,2
7407,2
7408,0
7409,2
7410,0
7411,0
7412,0
7413,1
7414,1
7415,1
7416,1
7417,2
7418,2
7419,0
7420,2
7421,2
7422,2
7423,0
7424,2
7425,1
7426,2
7427,0
7428,2
7429,0
7430,2
7431,2
7432,2
7433,2
7434,0
7435,0
7436,2
7437,0
7438,2
7439,0
7440,2
7441,1
7442,0
7443,1
7444,0
7445,1
7446,2
7447,0
7448,2
7449,0
7450,1
7451,1
7452,1
7453,0
7454,0
7455,2
7456,0
7457,1
7458,0
7459,1
7460,0
7461,0
7462,0
7463,0
7464,2
7465,2
7466,0
7467,1
7468,1
7469,0
7470,0
7471,0
7472,2
7473,1
7474,2
7475,0
7476,0
7477,0
7478,2
7479,0
7480,2
7481,2
7482,0
7483,2
7484,2
7485,0
7486,2
7487,2
7488,2
7489,0
7490,1
7491,1
7492,0
7493,1
7494,0
7495,0
7496,0
7497,0
7498,0
7499,2
7500,0
7501,2
7502,0
7503,1
7504,2
7505,2
7506,0
7507,0
7508,2
7509,1
7510,2
7511,1
7512,0
7513,1
7514,0
7515,2
7516,0
7517,2
7518,2
7519,2
7520,0
7521,1
7522,2
7523,0
7524,0
7525,0
7526,2
7527,2
7528,0
7529,0
7530,2
7531,2
7532,2
7533,0
7534,2
7535,0
7536,2
7537,2
7538,0
7539,2
7540,0
7541,1
7542,0
7543,1
7544,1
7545,0
7546,1
7547,0
7548,2
7549,0
7550,2
7551,2
7552,1
7553,0
7554,2
7555,0
7556,2
7557,2
7558,2
7559,2
7560,0
7561,0
7562,0
7563,0
7564,2
7565,2
7566,0
7567,0
7568,0
7569,2
7570,0
7571,0
7572,1
7573,0
7574,0
7575,2
7576,0
7577,0
7578,0
7579,2
7580,2
7581,2
7582,0
7583,0
7584,2
7585,0
7586,2
7587,0
7588,1
7589,2
7590,1
7591,2
7592,0
7593,2
7594,2
7595,0
7596,0
7597,2
7598,0
7599,0
7600,0
7601,0
7602,1
7603,2
7604,0
7605,2
7606,2
7607,0
7608,2
7609,0
7610,0
7611,2
7612,0
7613,2
7614,0
7615,2
7616,2
7617,1
7618,0
7619,2
7620,1
7621,0
7622,2
7623,2
7624,2
7625,2
7626,0
7627,2
7628,0
7629,2
7630,2
7631,2
7632,2
7633,0
7634,1
7635,2
7636,1
7637,0
7638,0
7639,0
7640,2
7641,2
7642,2
7643,2
7644,2
7645,0
7646,2
7647,2
7648,2
7649,0
7650,2
7651,2
7652,0
7653,2
7654,1
7655,2
7656,0
7657,0
7658,2
7659,2
7660,1
7661,2
7662,0
7663,0
7664,0
7665,2
7666,0
7667,2
7668,2
7669,2
7670,0
7671,2
7672,2
7673,2
7674,2
7675,0
7676,1
7677,0
7678,1
7679,0
7680,2
7681,2
7682,2
7683,0
7684,0
7685,2
7686,2
7687,1
7688,2
7689,0
7690,0
7691,0
7692,0
7693,1
7694,2
7695,0
7696,0
7697,2
7698,0
7699,0
7700,2
7701,2
7702,2
7703,0
7704,1
7705,1
7706,0
7707,1
7708,2
7709,2
7710,2
7711,0
7712,2
7713,0
7714,2
7715,0
7716,2
7717,2
7718,2
7719,0
7720,0
7721,2
7722,2
7723,0
7724,0
7725,0
7726,2
7727,1
7728,2
7729,2
7730,1
7731,2
7732,2
7733,2
7734,2
7735,1
7736,0
7737,2
7738,0
7739,0
7740,2
7741,0
7742,2
7743,1
7744,0
7745,2
7746,2
7747,2
7748,2
7749,1
7750,2
7751,2
7752,2
7753,0
7754,1
7755,1
7756,1
7757,2
7758,0
7759,0
7760,0
7761,2
7762,0
7763,0
7764,2
7765,1
7766,0
7767,2
7768,0
7769,1
7770,1
7771,0
7772,2
7773,0
7774,0
7775,1
7776,2
7777,0
7778,2
7779,2
7780,0
7781,0
7782,2
7783,0
7784,2
7785,1
7786,0
7787,1
7788,2
7789,0
7790,2
7791,0
7792,2
7793,0
7794,1
7795,0
7796,2
7797,2
7798,0
7799,0
7800,0
7801,2
7802,2
7803,2
7804,1
7805,2
7806,2
7807,0
7808,2
7809,1
7810,2
7811,0
7812,2
7813,2
7814,0
7815,0
7816,2
7817,1
7818,1
7819,2
7820,2
7821,0
7822,1
7823,2
7824,2
7825,0
7826,0
7827,0
7828,1
7829,2
7830,0
7831,2
7832,2
7833,2
7834,2
7835,0
7836,2
7837,0
7838,2
7839,2
7840,0
7841,1
7842,2
7843,1
7844,0
7845,2
7846,2
7847,0
7848,0
7849,2
7850,0
7851,2
7852,2
7853,2
7854,0
7855,0
7856,1
7857,0
7858,0
7859,0
7860,0
7861,0
7862,2
7863,2
7864,2
7865,2
7866,1
7867,0
7868,0
7869,0
7870,2
7871,1
7872,0
7873,2
7874,2
7875,0
7876,0
7877,0
7878,0
7879,0
7880,2
7881,0
7882,1
7883,2
7884,2
7885,2
7886,2
7887,2
7888,0
7889,2
7890,0
7891,0
7892,1
7893,0
7894,1
7895,2
7896,0
7897,2
7898,2
7899,2
7900,0
7901,0
7902,2
7903,2
7904,0
7905,2
7906,2
7907,0
7908,0
7909,0
7910,0
7911,0
7912,0
7913,0
7914,0
7915,2
7916,0
7917,0
7918,0
7919,2
7920,1
7921,2
7922,2
7923,1
7924,2
7925,0
7926,2
7927,2
7928,0
7929,0
7930,2
7931,0
7932,2
7933,2
7934,0
7935,2
7936,0
7937,2
7938,1
7939,2
7940,1
7941,1
7942,0
7943,2
7944,0
7945,0
7946,2
7947,2
7948,0
7949,0
7950,0
7951,0
7952,0
7953,2
7954,2
7955,1
7956,1
7957,1
7958,2
7959,2
7960,2
7961,0
7962,0
7963,2
7964,2
7965,2
7966,2
7967,1
7968,2
7969,1
7970,2
7971,1
7972,2
7973,0
7974,1
7975,0
7976,0
7977,1
7978,1
7979,0
7980,0
7981,2
7982,2
7983,0
7984,0
7985,0
7986,0
7987,0
7988,1
7989,2
7990,2
7991,1
7992,0
7993,2
7994,2
7995,2
7996,0
7997,0
7998,2
7999,2
8000,2
8001,2
8002,2
8003,0
8004,1
8005,2
8006,0
8007,0
8008,2
8009,2
8010,0
8011,2
8012,1
8013,1
8014,2
8015,2
8016,2
8017,0
8018,2
8019,1
8020,0
8021,2
8022,0
8023,2
8024,0
8025,0
8026,0
8027,0
8028,0
8029,1
8030,2
8031,2
8032,2
8033,2
8034,0
8035,0
8036,2
8037,0
8038,1
8039,1
8040,0
8041,2
8042,2
8043,2
8044,0
8045,0
8046,2
8047,2
8048,0
8049,2
8050,2
8051,0
8052,0
8053,0
8054,0
8055,1
8056,2
8057,1
8058,0
8059,2
8060,0
8061,2
8062,1
8063,2
8064,2
8065,0
8066,2
8067,2
8068,1
8069,2
8070,2
8071,0
8072,2
8073,2
8074,1
8075,0
8076,0
8077,2
8078,2
8079,0
8080,1
8081,0
8082,1
8083,0
8084,2
8085,2
8086,0
8087,0
8088,1
8089,0
8090,0
8091,2
8092,2
8093,2
8094,2
8095,0
8096,0
8097,0
8098,2
8099,2
8100,0
8101,0
8102,2
8103,1
8104,1
8105,0
8106,0
8107,2
8108,2
8109,1
8110,1
8111,0
8112,1
8113,2
8114,1
8115,0
8116,2
8117,2
8118,0
8119,0
8120,2
8121,2
8122,2
8123,1
8124,2
8125,0
8126,0
8127,0
8128,2
8129,2
8130,2
8131,1
8132,0
8133,0
8134,1
8135,2
8136,2
8137,1
8138,2
8139,1
8140,0
8141,0
8142,0
8143,2
8144,2
8145,1
8146,2
8147,2
8148,1
8149,2
8150,0
8151,2
8152,0
8153,2
8154,1
8155,2
8156,0
8157,2
8158,0
8159,0
8160,0
8161,2
8162,0
8163,1
8164,2
8165,2
8166,0
8167,0
8168,0
8169,0
8170,0
8171,2
8172,2
8173,1
8174,1
8175,2
8176,0
8177,0
8178,2
8179,0
8180,2
8181,0
8182,0
8183,0
8184,2
8185,2
8186,0
8187,0
8188,0
8189,0
8190,2
8191,1
8192,2
8193,2
8194,0
8195,2
8196,0
8197,2
8198,0
8199,1
8200,0
8201,0
8202,2
8203,0
8204,2
8205,2
8206,2
8207,0
8208,2
8209,2
8210,0
8211,1
8212,2
8213,1
8214,2
8215,0
8216,0
8217,2
8218,0
8219,1
8220,2
8221,2
8222,2
8223,1
8224,2
8225,2
8226,0
8227,2
8228,0
8229,0
8230,2
8231,2
8232,1
8233,2
8234,0
8235,2
8236,2
8237,2
8238,2
8239,0
8240,1
8241,2
8242,2
8243,2
8244,0
8245,1
8246,2
8247,0
8248,0
8249,0
8250,2
8251,2
8252,2
8253,2
8254,2
8255,2
8256,0
8257,1
8258,2
8259,2
8260,0
8261,2
8262,0
8263,2
8264,0
8265,2
8266,2
8267,2
8268,1
8269,2
8270,2
8271,0
8272,0
8273,2
8274,2
8275,0
8276,0
8277,0
8278,2
8279,1
8280,0
8281,0
8282,2
8283,2
8284,0
8285,0
8286,1
8287,2
8288,0
8289,2
8290,0
8291,0
8292,2
8293,2
8294,2
8295,0
8296,2
8297,2
8298,2
8299,0
8300,2
8301,2
8302,2
8303,0
8304,0
8305,0
8306,2
8307,1
8308,2
8309,2
8310,2
8311,2
8312,0
8313,0
8314,2
8315,2
8316,2
8317,2
8318,0
8319,2
8320,2
8321,2
8322,0
8323,1
8324,0
8325,2
8326,2
8327,0
8328,2
8329,0
8330,1
8331,2
8332,2
8333,2
8334,2
8335,0
8336,1
8337,0
8338,1
8339,0
8340,0
8341,0
8342,2
8343,0
8344,2
8345,0
8346,1
8347,0
8348,0
8349,2
8350,0
8351,2
8352,2
8353,2
8354,2
8355,2
8356,1
8357,0
8358,0
8359,2
8360,0
8361,0
8362,0
8363,2
8364,0
8365,0
8366,0
8367,0
8368,2
8369,2
8370,2
8371,0
8372,2
8373,1
8374,0
8375,2
8376,2
8377,2
8378,2
8379,2
8380,2
8381,1
8382,2
8383,2
8384,0
8385,2
8386,2
8387,2
8388,0
8389,0
8390,2
8391,0
8392,2
8393,2
8394,2
8395,2
8396,0
8397,2
8398,0
8399,2
8400,0
8401,0
8402,2
8403,2
8404,1
8405,0
8406,2
8407,2
8408,0
8409,0
8410,2
8411,1
8412,0
8413,2
8414,2
8415,1
8416,0
8417,2
8418,0
8419,1
8420,0
8421,2
8422,1
8423,1
8424,0
8425,2
8426,0
8427,0
8428,0
8429,0
8430,2
8431,2
8432,2
8433,0
8434,0
8435,1
8436,2
8437,0
8438,1
8439,2
8440,1
8441,2
8442,2
8443,2
8444,2
8445,0
8446,2
8447,0
8448,1
8449,2
8450,2
8451,0
8452,2
8453,2
8454,0
8455,2
8456,2
8457,0
8458,0
8459,0
8460,2
8461,0
8462,0
8463,0
8464,0
8465,0
8466,2
8467,2
8468,0
8469,2
8470,1
8471,1
8472,0
8473,0
8474,2
8475,1
8476,2
8477,2
8478,0
8479,1
8480,2
8481,2
8482,2
8483,0
8484,0
8485,2
8486,2
8487,0
8488,1
8489,0
8490,0
8491,2
8492,1
8493,2
8494,0
8495,2
8496,0
8497,0
8498,1
8499,0
8500,1
8501,0
8502,0
8503,2
8504,0
8505,0
8506,2
8507,0
8508,0
8509,2
8510,0
8511,2
8512,2
8513,2
8514,2
8515,2
8516,0
8517,0
8518,2
8519,2
8520,2
8521,1
8522,1
8523,1
8524,2
8525,2
8526,2
8527,0
8528,0
8529,0
8530,2
8531,1
8532,2
8533,2
8534,2
8535,0
8536,2
8537,2
8538,2
8539,2
8540,2
8541,0
8542,2
8543,0
8544,2
8545,0
8546,0
8547,2
8548,2
8549,0
8550,2
8551,0
8552,0
8553,0
8554,0
8555,0
8556,2
8557,2
8558,0
8559,2
8560,2
8561,2
8562,0
8563,2
8564,0
8565,0
8566,1
8567,2
8568,2
8569,1
8570,2
8571,2
8572,2
8573,2
8574,2
8575,2
8576,0
8577,1
8578,1
8579,2
8580,0
8581,2
8582,0
8583,0
8584,0
8585,0
8586,0
8587,2
8588,2
8589,0
8590,0
8591,2
8592,0
8593,2
8594,0
8595,0
8596,2
8597,2
8598,2
8599,1
8600,0
8601,0
8602,2
8603,0
8604,2
8605,0
8606,0
8607,0
8608,2
8609,0
8610,1
8611,2
8612,2
8613,0
8614,2
8615,0
8616,0
8617,2
8618,2
8619,0
8620,0
8621,2
8622,0
8623,1
8624,0
8625,0
8626,2
8627,2
8628,0
8629,2
8630,0
8631,2
8632,1
8633,0
8634,0
8635,2
8636,2
8637,0
8638,0
8639,2
8640,1
8641,2
8642,1
8643,2
8644,2
8645,2
8646,2
8647,0
8648,0
8649,2
8650,2
8651,0
8652,1
8653,0
8654,2
8655,2
8656,2
8657,2
8658,2
8659,2
8660,2
8661,0
8662,2
8663,2
8664,2
8665,0
8666,0
8667,2
8668,2
8669,2
8670,0
8671,2
8672,0
8673,0
8674,1
8675,0
8676,1
8677,1
8678,0
8679,0
8680,2
8681,1
8682,2
8683,0
8684,1
8685,1
8686,2
8687,1
8688,0
8689,0
8690,1
8691,2
8692,2
8693,1
8694,1
8695,0
8696,0
8697,2
8698,0
8699,2
8700,0
8701,0
8702,0
8703,0
8704,2
8705,0
8706,0
8707,0
8708,2
8709,2
8710,0
8711,0
8712,2
8713,1
8714,2
8715,0
8716,2
8717,0
8718,0
8719,1
8720,0
8721,2
8722,2
8723,1
8724,2
8725,1
8726,2
8727,0
8728,2
8729,2
8730,0
8731,2
8732,2
8733,2
8734,2
8735,2
8736,2
8737,0
8738,0
8739,0
8740,0
8741,1
8742,0
8743,2
8744,2
8745,2
8746,2
8747,0
8748,0
8749,0
8750,2
8751,0
8752,2
8753,0
8754,2
8755,2
8756,2
8757,0
8758,2
8759,2
8760,1
8761,0
8762,0
8763,0
8764,0
8765,0
8766,2
8767,0
8768,2
8769,2
8770,2
8771,1
8772,0
8773,0
8774,1
8775,0
8776,2
8777,0
8778,0
8779,2
8780,2
8781,2
8782,0
8783,0
8784,2
8785,0
8786,0
8787,0
8788,0
8789,0
8790,0
8791,0
8792,0
8793,2
8794,1
8795,2
8796,1
8797,0
8798,2
8799,1
8800,0
8801,2
8802,2
8803,2
8804,2
8805,2
8806,1
8807,2
8808,0
8809,0
8810,0
8811,2
8812,0
8813,0
8814,2
8815,2
8816,2
8817,0
8818,0
8819,1
8820,2
8821,2
8822,2
8823,0
8824,2
8825,1
8826,2
8827,0
8828,0
8829,2
8830,0
8831,0
8832,0
8833,1
8834,0
8835,2
8836,0
8837,2
8838,2
8839,0
8840,2
8841,0
8842,0
8843,2
8844,0
8845,2
8846,0
8847,0
8848,0
8849,1
8850,2
8851,0
8852,2
8853,0
8854,0
8855,2
8856,2
8857,2
8858,2
8859,2
8860,0
8861,2
8862,2
8863,1
8864,0
8865,0
8866,2
8867,2
8868,1
8869,0
8870,0
8871,0
8872,0
8873,0
8874,2
8875,1
8876,1
8877,2
8878,2
8879,0
8880,0
8881,2
8882,2
8883,2
8884,2
8885,2
8886,0
8887,2
8888,2
8889,0
8890,2
8891,0
8892,2
8893,1
8894,2
8895,0
8896,1
8897,0
8898,2
8899,0
8900,1
8901,2
8902,2
8903,2
8904,2
8905,1
8906,1
8907,2
8908,0
8909,2
8910,1
8911,2
8912,2
8913,2
8914,0
8915,2
8916,0
8917,0
8918,0
8919,0
8920,0
8921,2
8922,0
8923,1
8924,2
8925,2
8926,2
8927,2
8928,0
8929,0
8930,0
8931,0
8932,2
8933,2
8934,2
8935,2
8936,2
8937,1
8938,0
8939,0
8940,0
8941,1
8942,2
8943,2
8944,2
8945,1
8946,0
8947,0
8948,1
8949,1
8950,1
8951,2
8952,1
8953,1
8954,2
8955,2
8956,0
8957,0
8958,0
8959,2
8960,1
8961,2
8962,2
8963,2
8964,2
8965,2
8966,2
8967,0
8968,0
8969,2
8970,2
8971,2
8972,0
8973,2
8974,2
8975,2
8976,0
8977,0
8978,2
8979,2
8980,2
8981,0
8982,1
8983,2
8984,2
8985,1
8986,0
8987,0
8988,0
8989,0
8990,1
8991,2
8992,2
8993,2
8994,1
8995,2
8996,2
8997,2
8998,0
8999,0
9000,2
