campaign_id,channel,start_date,end_date,budget,impressions,clicks,conversions
1,Email,2024-08-15,2024-09-07,408.47,25803,1103,58
2,In-Store,2024-10-09,2024-10-19,3853.39,56256,968,66
3,Email,2024-04-24,2024-05-22,915.32,88785,4550,297
4,Email,2024-10-17,2024-10-29,2039.2,61076,3548,281
5,Online,2024-05-04,2024-05-25,2882.14,138243,10593,1365
6,TV,2024-10-05,2024-10-13,2929.04,17900,1004,129
7,Email,2024-03-27,2024-04-24,1888.47,77684,4858,442
8,Online,2024-01-29,2024-02-23,2366.37,119580,4052,249
9,Social,2024-06-27,2024-07-09,3138.99,61148,3827,333
10,Online,2024-06-01,2024-06-12,4630.34,105545,3605,413
11,Email,2024-03-26,2024-04-20,1713.83,33469,970,129
12,Email,2024-06-12,2024-07-10,2008.2,99701,2562,182
13,Email,2024-02-17,2024-03-10,719.4,28513,588,69
14,Email,2024-01-19,2024-01-28,644.03,93645,4229,335
15,Social,2024-04-06,2024-05-02,2264.71,66564,2098,124
16,Email,2024-10-30,2024-11-17,1584.26,71248,4514,323
17,In-Store,2024-01-01,2024-01-23,440.5,42857,1376,43
18,TV,2024-06-18,2024-07-11,586.85,10987,424,37
19,Email,2024-01-10,2024-01-21,4089.8,50890,1142,57
20,Online,2024-07-16,2024-08-09,3583.85,125008,8613,418
21,Email,2024-07-14,2024-07-29,2825.73,11291,487,44
22,Social,2024-06-24,2024-07-20,4303.83,11215,560,28
23,Online,2024-06-30,2024-07-16,492.14,46737,1680,237
24,Online,2024-08-26,2024-09-11,4603.52,40145,2424,154
25,Email,2024-09-07,2024-09-23,4683.23,34505,2437,117
26,Email,2024-10-23,2024-11-04,1206.78,88611,6442,948
27,Email,2024-08-28,2024-09-16,1512.38,18372,553,30
28,TV,2024-10-20,2024-11-05,2358.9,52416,3706,476
29,In-Store,2024-02-23,2024-03-22,2579.54,75851,5765,353
30,Social,2024-10-21,2024-11-02,3361.01,135164,3710,173
31,TV,2024-02-06,2024-02-24,1021.41,21718,604,66
32,Email,2024-05-17,2024-06-16,2188.77,12981,458,40
33,Email,2024-04-11,2024-05-03,775.64,134220,2509,223
34,Social,2024-02-03,2024-02-16,2333.6,43830,1767,224
35,Social,2024-10-02,2024-10-26,1929.5,141623,4050,396
36,Online,2024-03-03,2024-03-10,1705.3,22845,491,41
37,Email,2024-04-13,2024-04-29,3089.49,118967,4318,158
38,Online,2024-10-14,2024-11-09,1093.01,143520,4063,240
39,Online,2024-10-21,2024-11-17,2617.99,70312,2778,132
40,In-Store,2024-07-21,2024-08-03,2043.79,106129,4891,164
41,Email,2024-06-01,2024-06-26,733.22,123249,2016,166
42,Social,2024-04-16,2024-04-30,2394.67,41188,2441,358
43,Online,2024-05-26,2024-06-03,4919.4,74115,5666,591
44,Online,2024-01-01,2024-01-13,2944.93,98984,4384,549
45,In-Store,2024-07-14,2024-08-03,3074.01,109087,3670,372
46,Online,2024-04-15,2024-05-10,732.59,31032,2334,192
47,TV,2024-09-25,2024-10-20,1824.18,66757,3416,161
48,Online,2024-04-05,2024-05-05,3083.02,106071,6247,378
49,Email,2024-05-19,2024-06-11,2326.02,56047,2176,188
50,TV,2024-09-19,2024-10-05,1498.12,39925,1907,228
51,Online,2024-04-22,2024-05-19,689.27,61918,1198,151
52,Email,2024-07-16,2024-07-26,2341.53,66680,5169,545
53,In-Store,2024-04-20,2024-04-29,4218.23,128572,9780,1067
54,Email,2024-01-05,2024-01-17,4085.49,76806,1327,47
55,Social,2024-06-11,2024-07-07,3227.29,96842,1908,175
56,Online,2024-07-17,2024-08-13,2273.78,98567,2703,382
57,Social,2024-03-29,2024-04-12,3723.23,88949,5626,697
58,In-Store,2024-01-02,2024-01-11,3537.59,106846,4149,568
59,Social,2024-05-19,2024-06-12,1617.38,149125,8010,428
60,Email,2024-04-19,2024-05-13,3047.84,49388,2175,287
61,In-Store,2024-10-22,2024-11-14,4616.56,100328,6432,473
62,Email,2024-05-27,2024-06-08,1963.87,13795,591,60
63,Online,2024-06-27,2024-07-15,590.3,75975,2767,339
64,Email,2024-06-07,2024-07-02,3702.06,117728,6581,511
65,Email,2024-02-14,2024-03-14,4861.71,106496,2953,152
66,Social,2024-02-24,2024-03-13,3261.01,78024,3071,460
67,TV,2024-09-18,2024-10-16,3739.71,137055,3909,146
68,Online,2024-08-26,2024-09-21,2831.73,73881,3097,393
69,In-Store,2024-07-24,2024-08-07,1834.43,107317,7690,1107
70,Email,2024-09-08,2024-09-24,3601.42,17403,1132,133
71,Online,2024-03-17,2024-04-16,896.33,65113,3512,329
72,Online,2024-07-21,2024-07-29,1446.78,120748,4666,343
73,Social,2024-08-10,2024-09-05,2916.29,20791,371,15
74,Online,2024-02-10,2024-02-19,3900.05,93361,2181,271
75,In-Store,2024-04-24,2024-05-08,596.29,134569,5327,634
76,Social,2024-01-14,2024-01-22,2384.39,13430,244,13
77,In-Store,2024-05-10,2024-05-22,1199.84,108216,2458,202
78,In-Store,2024-01-07,2024-02-04,728.16,119694,7358,550
79,TV,2024-07-28,2024-08-25,972.58,145851,11361,1019
80,Social,2024-07-21,2024-07-31,2256.52,84281,3974,278
81,Online,2024-04-01,2024-04-11,3271.23,13877,364,33
82,Social,2024-03-27,2024-04-25,4062.8,33464,2532,87
83,Email,2024-06-14,2024-06-24,3482.19,128243,2063,185
84,TV,2024-10-02,2024-10-15,2789.67,49017,2695,261
85,Social,2024-08-16,2024-08-23,2069.12,60259,3538,109
86,In-Store,2024-01-02,2024-01-17,2946.24,37425,2788,244
87,Online,2024-07-24,2024-08-18,3209.44,90970,7190,681
88,Social,2024-02-03,2024-02-25,3210.88,20195,746,92
89,TV,2024-01-16,2024-02-04,3319.41,21154,348,50
90,In-Store,2024-04-01,2024-04-19,1003.41,34522,993,66
91,In-Store,2024-09-19,2024-10-11,4361.13,95779,4539,525
92,Email,2024-04-27,2024-05-14,1589.04,36021,2271,130
93,Online,2024-04-22,2024-05-14,4845.1,48013,3597,165
94,Email,2024-02-04,2024-02-17,2647.07,87066,3945,346
95,Social,2024-02-10,2024-02-21,1764.99,71618,5532,194
96,TV,2024-02-04,2024-02-11,4474.55,127578,6623,981
97,TV,2024-03-19,2024-04-16,4223.5,113461,7636,871
98,Social,2024-09-17,2024-10-15,4920.66,53036,2393,139
99,TV,2024-03-14,2024-03-30,2792.21,46440,841,93
100,Online,2024-07-03,2024-08-02,1886.69,42652,1530,103
