Campaign_ID,Channel,Start_Date,End_Date,Budget,Impressions,Clicks,Conversions
1,Email,15 08 2024,07 09 2024,408.47,25803,1103,58
2,In-Store,09 10 2024,19 10 2024,3853.39,56256,968,66
3,Email,24 04 2024,22 05 2024,915.32,88785,4550,297
4,Email,17 10 2024,29 10 2024,2039.2,61076,3548,281
5,Online,04 05 2024,25 05 2024,2882.14,138243,10593,1365
6,TV,05 10 2024,13 10 2024,2929.04,17900,1004,129
7,Email,27 03 2024,24 04 2024,1888.47,77684,4858,442
8,Online,29 01 2024,23 02 2024,2366.37,119580,4052,249
9,Social,27 06 2024,09 07 2024,3138.99,61148,3827,333
10,Online,01 06 2024,12 06 2024,4630.34,105545,3605,413
11,Email,26 03 2024,20 04 2024,1713.83,33469,970,129
12,Email,12 06 2024,10 07 2024,2008.2,99701,2562,182
13,Email,17 02 2024,10 03 2024,719.4,28513,588,69
14,Email,19 01 2024,28 01 2024,644.03,93645,4229,335
15,Social,06 04 2024,02 05 2024,2264.71,66564,2098,124
16,Email,30 10 2024,17 11 2024,1584.26,71248,4514,323
17,In-Store,01 01 2024,23 01 2024,440.5,42857,1376,43
18,TV,18 06 2024,11 07 2024,586.85,10987,424,37
19,Email,10 01 2024,21 01 2024,4089.8,50890,1142,57
20,Online,16 07 2024,09 08 2024,3583.85,125008,8613,418
21,Email,14 07 2024,29 07 2024,2825.73,11291,487,44
22,Social,24 06 2024,20 07 2024,4303.83,11215,560,28
23,Online,30 06 2024,16 07 2024,492.14,46737,1680,237
24,Online,26 08 2024,11 09 2024,4603.52,40145,2424,154
25,Email,07 09 2024,23 09 2024,4683.23,34505,2437,117
26,Email,23 10 2024,04 11 2024,1206.78,88611,6442,948
27,Email,28 08 2024,16 09 2024,1512.38,18372,553,30
28,TV,20 10 2024,05 11 2024,2358.9,52416,3706,476
29,In-Store,23 02 2024,22 03 2024,2579.54,75851,5765,353
30,Social,21 10 2024,02 11 2024,3361.01,135164,3710,173
31,TV,06 02 2024,24 02 2024,1021.41,21718,604,66
32,Email,17 05 2024,16 06 2024,2188.77,12981,458,40
33,Email,11 04 2024,03 05 2024,775.64,134220,2509,223
34,Social,03 02 2024,16 02 2024,2333.6,43830,1767,224
35,Social,02 10 2024,26 10 2024,1929.5,141623,4050,396
36,Online,03 03 2024,10 03 2024,1705.3,22845,491,41
37,Email,13 04 2024,29 04 2024,3089.49,118967,4318,158
38,Online,14 10 2024,09 11 2024,1093.01,143520,4063,240
39,Online,21 10 2024,17 11 2024,2617.99,70312,2778,132
40,In-Store,21 07 2024,03 08 2024,2043.79,106129,4891,164
41,Email,01 06 2024,26 06 2024,733.22,123249,2016,166
42,Social,16 04 2024,30 04 2024,2394.67,41188,2441,358
43,Online,26 05 2024,03 06 2024,4919.4,74115,5666,591
44,Online,01 01 2024,13 01 2024,2944.93,98984,4384,549
45,In-Store,14 07 2024,03 08 2024,3074.01,109087,3670,372
46,Online,15 04 2024,10 05 2024,732.59,31032,2334,192
47,TV,25 09 2024,20 10 2024,1824.18,66757,3416,161
48,Online,05 04 2024,05 05 2024,3083.02,106071,6247,378
49,Email,19 05 2024,11 06 2024,2326.02,56047,2176,188
50,TV,19 09 2024,05 10 2024,1498.12,39925,1907,228
51,Online,22 04 2024,19 05 2024,689.27,61918,1198,151
52,Email,16 07 2024,26 07 2024,2341.53,66680,5169,545
53,In-Store,20 04 2024,29 04 2024,4218.23,128572,9780,1067
54,Email,05 01 2024,17 01 2024,4085.49,76806,1327,47
55,Social,11 06 2024,07 07 2024,3227.29,96842,1908,175
56,Online,17 07 2024,13 08 2024,2273.78,98567,2703,382
57,Social,29 03 2024,12 04 2024,3723.23,88949,5626,697
58,In-Store,02 01 2024,11 01 2024,3537.59,106846,4149,568
59,Social,19 05 2024,12 06 2024,1617.38,149125,8010,428
60,Email,19 04 2024,13 05 2024,3047.84,49388,2175,287
61,In-Store,22 10 2024,14 11 2024,4616.56,100328,6432,473
62,Email,27 05 2024,08 06 2024,1963.87,13795,591,60
63,Online,27 06 2024,15 07 2024,590.3,75975,2767,339
64,Email,07 06 2024,02 07 2024,3702.06,117728,6581,511
65,Email,14 02 2024,14 03 2024,4861.71,106496,2953,152
66,Social,24 02 2024,13 03 2024,3261.01,78024,3071,460
67,TV,18 09 2024,16 10 2024,3739.71,137055,3909,146
68,Online,26 08 2024,21 09 2024,2831.73,73881,3097,393
69,In-Store,24 07 2024,07 08 2024,1834.43,107317,7690,1107
70,Email,08 09 2024,24 09 2024,3601.42,17403,1132,133
71,Online,17 03 2024,16 04 2024,896.33,65113,3512,329
72,Online,21 07 2024,29 07 2024,1446.78,120748,4666,343
73,Social,10 08 2024,05 09 2024,2916.29,20791,371,15
74,Online,10 02 2024,19 02 2024,3900.05,93361,2181,271
75,In-Store,24 04 2024,08 05 2024,596.29,134569,5327,634
76,Social,14 01 2024,22 01 2024,2384.39,13430,244,13
77,In-Store,10 05 2024,22 05 2024,1199.84,108216,2458,202
78,In-Store,07 01 2024,04 02 2024,728.16,119694,7358,550
79,TV,28 07 2024,25 08 2024,972.58,145851,11361,1019
80,Social,21 07 2024,31 07 2024,2256.52,84281,3974,278
81,Online,01 04 2024,11 04 2024,3271.23,13877,364,33
82,Social,27 03 2024,25 04 2024,4062.8,33464,2532,87
83,Email,14 06 2024,24 06 2024,3482.19,128243,2063,185
84,TV,02 10 2024,15 10 2024,2789.67,49017,2695,261
85,Social,16 08 2024,23 08 2024,2069.12,60259,3538,109
86,In-Store,02 01 2024,17 01 2024,2946.24,37425,2788,244
87,Online,24 07 2024,18 08 2024,3209.44,90970,7190,681
88,Social,03 02 2024,25 02 2024,3210.88,20195,746,92
89,TV,16 01 2024,04 02 2024,3319.41,21154,348,50
90,In-Store,01 04 2024,19 04 2024,1003.41,34522,993,66
91,In-Store,19 09 2024,11 10 2024,4361.13,95779,4539,525
92,Email,27 04 2024,14 05 2024,1589.04,36021,2271,130
93,Online,22 04 2024,14 05 2024,4845.1,48013,3597,165
94,Email,04 02 2024,17 02 2024,2647.07,87066,3945,346
95,Social,10 02 2024,21 02 2024,1764.99,71618,5532,194
96,TV,04 02 2024,11 02 2024,4474.55,127578,6623,981
97,TV,19 03 2024,16 04 2024,4223.5,113461,7636,871
98,Social,17 09 2024,15 10 2024,4920.66,53036,2393,139
99,TV,14 03 2024,30 03 2024,2792.21,46440,841,93
100,Online,03 07 2024,02 08 2024,1886.69,42652,1530,103
